{"average_time": 2.902603336950628, "average_new_token_length": 100.6219512195122, "pass@1": 0.2865853658536585}