{"average_time": 7.168211894791301, "average_new_token_length": 293.4817073170732, "pass@1": 0.2926829268292683}