{"average_time": 4.499356223315727, "average_new_token_length": 197.84146341463415, "pass@1": 0.2926829268292683}