{"average_time": 2.7105604264794327, "average_new_token_length": 114.03048780487805, "pass@1": 0.32926829268292684}